Product_ID,Material_Name,Package_Size,CAS_Number,New CAS,Price_THB_total,Price_THB/g,Notes,Is_Dilution,Active_Material,Solvent,Active_%,Supplier,Product_URL
8E3094000992,Birch Tar Oil Rectified / น้ำมันหอมระเหย ไม้เบิร์ช,5 ml,85940-29-0,,175.00,35.0000,,,,,,SimpleScentsDIY,https://www.simplescentsdiy.com/product/36444-36361/birch-tar-oil-rectified
8E3094000991,Cinnamon Bark Oil (Ceylon) / น้ำมันหอมระเหย เปลือกอบเชย / Cinnamon Bark Oil,5 ml,84649-98-9,,225.00,45.0000,,,,,,SimpleScentsDIY,https://www.simplescentsdiy.com/product/36443-36360/cinnamon-bark-oil
8E3094000987,Frankincense Essential Oil / น้ำมันหอมระเหย กำยาน / Frankincense Oil,5 ml,89957-98-2,,200.00,40.0000,,,,,,SimpleScentsDIY,https://www.simplescentsdiy.com/product/35630-35273/frankincenseoil
8E3094000988,Clove Leaves Essential Oil / น้ำมันหอมระเหย ใบกานพลู / Clove Leaves Oil,1 oz,84961-50-2,,125.00,4.2268,,,,,,SimpleScentsDIY,https://www.simplescentsdiy.com/product/35629-35272/cloveleaves
8E23094000321,Orange Essential Oil / น้ำมันหอมระเหย เปลือกส้ม / Orange Oil,1 oz,,,120.00,4.0577,,,,,,SimpleScentsDIY,https://www.simplescentsdiy.com/product/34448-33898/orange
8E23094000324,Eucalyptus Essential Oil / น้ำมันหอมระเหย ยูคาลิปตัส / Eucalyptus Oil,1 oz,,,99.00,3.3476,,,,,,SimpleScentsDIY,https://www.simplescentsdiy.com/product/34447-33897/eucalyptus
8E23094000327,Lemon Eucalyptus Essential Oil / น้ำมันหอมระเหย เลม่อน ยูคาลิปตัส / Lemon Eucalyptus Oil,1 oz,,,115.00,3.8886,,,,,,SimpleScentsDIY,https://www.simplescentsdiy.com/product/34446-33896/lemon-eucalyptus
8E23094000330,Lemongrass Essential Oil / น้ำมันหอมระเหย ตะไคร้ / Lemongrass Oil,1 oz,,,200.00,6.7628,,,,,,SimpleScentsDIY,https://www.simplescentsdiy.com/product/34445-33895/lemongrass
8E23094000333,Rosemary Essential Oil / น้ำมันหอมระเหย โรสแมรี่ / Rosemary Oil,1 oz,,,350.00,11.8349,,,,,,SimpleScentsDIY,https://www.simplescentsdiy.com/product/34444-33894/rosemary
8E23094000336,Lemon Essential Oil / น้ำมันหอมระเหย เลม่อน / Lemon Oil,1 oz,,,240.00,8.1154,,,,,,SimpleScentsDIY,https://www.simplescentsdiy.com/product/34443-33893/lemon-oil
8E23094000342,Lavandin Grosso Essential Oil / น้ำมันหอมระเหย ลาเวนดิน,1 oz,,,150.00,5.0721,,,,,,SimpleScentsDIY,https://www.simplescentsdiy.com/product/34442-33892/lavandin-grosso
8E23094000348,Camphor Essential Oil / น้ำมันหอมระเหย การบูร / Camphor Oil,1 oz,,,150.00,5.0721,,,,,,SimpleScentsDIY,https://www.simplescentsdiy.com/product/34441-33891/camphor
8E23094000291,Methyl Salicylate Essential Oil / น้ำมันหอมระเหย ระกำ,1 oz,,,60.00,2.0288,,,,,,SimpleScentsDIY,https://www.simplescentsdiy.com/product/34440-33890/methyl-salicylate
8E23094000687,Citronella Essential Oil / น้ำมันหอมระเหย ตะไคร้หอม / Citronella Oil /,1 oz,,,90.00,3.0433,,,,,,SimpleScentsDIY,https://www.simplescentsdiy.com/product/34438-33888/citronella-
8E23094000339,Lavander Essential Oil / น้ำมันหอมระเหย ลาเวนเดอร์ / Lavander Oil /,1 oz,,,340.00,11.4968,,,,,,SimpleScentsDIY,https://www.simplescentsdiy.com/product/34437-33887/lavander
8E23094000929,Ginger Essential Oil / น้ำมันหอมระเหย ขิง / Ginger Oil /,1 oz,,,300.00,10.1442,,,,,,SimpleScentsDIY,https://www.simplescentsdiy.com/product/34436-33886/ginger-
8E23094000932,Peppermint Essential Oil / น้ำมันหอมระเหย เปปเปอร์มินต์ / Peppermint Oil /,1 oz,,,250.00,8.4535,,,,,,SimpleScentsDIY,https://www.simplescentsdiy.com/product/34435-33885/peppermint
8E23094000935,Spearmint Essential Oil / น้ำมันหอมระเหย สเปียร์มินต์ / Spearmint Oil /,1 oz,,,330.00,11.1586,,,,,,SimpleScentsDIY,https://www.simplescentsdiy.com/product/34434-33884/spearmint
8E23094000941,Menthol Liquid Essential Oil / น้ำมันหอมระเหย เมนทอล / Menthol Liquid Oil,1 oz,,,150.00,5.0721,,,,,,SimpleScentsDIY,https://www.simplescentsdiy.com/product/34433-33883/menthol-liquid-
8E3094000943,Grapefruit Essential Oil / น้ำมันหอมระเหย เกรปฟรุต / Grapefruit Oil,1 oz,,,360.00,12.1731,,,,,,SimpleScentsDIY,https://www.simplescentsdiy.com/product/34432-33882/grapefruit-
8E3094000971,Bitter Orange Essential Oil / น้ำมันหอมระเหย ส้มขม / Bitter Orange Oil,1 oz,,,285.00,9.6370,,,,,,SimpleScentsDIY,https://www.simplescentsdiy.com/product/34424-33874/bitter-orange
8E3094000952,Pine Essential Oil / น้ำมันหอมระเหย สน / Pine Oil /,1 oz,,,300.00,10.1442,,,,,,SimpleScentsDIY,https://www.simplescentsdiy.com/product/34423-33873/pine
8E3094000975,Lime Essential Oil / น้ำมันหอมระเหย มะนาว / lime Oil /,1 oz,,,285.00,9.6370,,,,,,SimpleScentsDIY,https://www.simplescentsdiy.com/product/34422-33872/lime
8E3094000983,Neroli Egypt Oil / น้ำมันหอมระเหย ดอกส้ม (เนโรลี่) /,2 g,,,560.00,280.0000,,,,,,SimpleScentsDIY,https://www.simplescentsdiy.com/product/34421-33871/neroli-egypt-oil
8E3094000984,Nagarmotha Oil ( Cypriol Oil) / น้ำมันหอมระเหย นาการ์มอธา /,5 ml,,,250.00,50.0000,,,,,,SimpleScentsDIY,https://www.simplescentsdiy.com/product/34420-33870/nagarmotha-oil
8E23094000938,Bergamot Essential Oil / น้ำมันหอมระเหย มะกรูดฝรั่ง / Bergamot Oil /,1 oz,,,275.00,9.2989,,,,,,SimpleScentsDIY,https://www.simplescentsdiy.com/product/34419-33869/bergamot
8E3094000986,Siam Benzoin Resinoid,,84012-39-5,,,,,,,,,SimpleScentsDIY,https://www.simplescentsdiy.com/product/34168-33501/siam-benzoin-resinoid
8E3094000985,Pink Pepper Oil CO2 Extract / น้ำมันหอมระเหย พริกไทยชมพู /,5 ml,,,400.00,80.0000,,,,,,SimpleScentsDIY,https://www.simplescentsdiy.com/product/34159-33491/pink-pepper-oil-
8E3094000970,Cedarwood Virginia Essential Oil / น้ำมันหอมระเหย ซีดาร์วูด เวอร์จิเนีย / Cedarwood Virginia Oil,30 ml,,,290.00,9.6667,,,,,,SimpleScentsDIY,https://www.simplescentsdiy.com/product/33664-32970/cedarwood-virginia
8E3094000978,Vetiver Haiti Essential Oil / น้ำมันหอมระเหย หญ้าแฝก / Vetiver Haiti Oil,10 ml,84238-29-9,,690.00,69.0000,,,,,,SimpleScentsDIY,https://www.simplescentsdiy.com/product/33662-32968/vetiver-haiti
8F3094001265,Iso E Super,15 ml,54464-57-2,,85.00,5.6667,,,,,,SimpleScentsDIY,https://www.simplescentsdiy.com/product/36897/iso-e-super
8F3094009563,Butyl Butyryl Lacatate,15 ml,7492-70-8,,60.00,4.0000,,,,,,SimpleScentsDIY,https://www.simplescentsdiy.com/product/36617-36699/butyl-butyryl-lacatate
8F3094009562,Ethyl Lactate,15 ml,97-64-3,,60.00,4.0000,,,,,,SimpleScentsDIY,https://www.simplescentsdiy.com/product/36616-36698/ethyl-lactate
8F3094009561,Cis-3-Hexenyl Salicylate,5 ml,65405-77-8,,80.00,16.0000,,,,,,SimpleScentsDIY,https://www.simplescentsdiy.com/product/36615-36697/cis-3-hexenyl-salicylate
8F3094009560,Para Methyl Acetophenone,15 ml,122-00-9,,70.00,4.6667,,,,,,SimpleScentsDIY,https://www.simplescentsdiy.com/product/36614-36696/para-methyl-acetophenone
8F3094009559,Cyclaprop,15 ml,68912-13-0,,60.00,4.0000,,,,,,SimpleScentsDIY,https://www.simplescentsdiy.com/product/36613-36695/cyclaprop
8F3094009558,Cedrenyle Acetate,15 ml,77-54-3,,80.00,5.3333,,,,,,SimpleScentsDIY,https://www.simplescentsdiy.com/product/36612-36694/cedrenyle-acetate
8E3094000993,Hay Absolute,2 g,100209-32-3,,,,,,,,,SimpleScentsDIY,https://www.simplescentsdiy.com/product/36440-36357/hayabsolute
8F3094005609,Beta Ionone,15 ml,14901-07-6,,80.00,5.3333,,,,,,SimpleScentsDIY,https://www.simplescentsdiy.com/product/36439-36356/betaionone
8F3094005608,Amber Xtreme,5 ml,476332-65-7,,325.00,65.0000,,,,,,SimpleScentsDIY,https://www.simplescentsdiy.com/product/36438-36355/amberxtreme
8F3094005431,Tabanone,2 g,13215-88-8,,400.00,200.0000,,,,,,SimpleScentsDIY,https://www.simplescentsdiy.com/product/36007-35716/tobanone
8F3094005429,Allyl Amyl Glycolate,15 ml,67634-00-8,,100.00,6.6667,,,,,,SimpleScentsDIY,https://www.simplescentsdiy.com/product/36006-35715/allyl-amyl-glycolate
8E3094000990,Mate Absolute 10% in DPG,5 ml,73296-98-7,,,,,,,,,SimpleScentsDIY,https://www.simplescentsdiy.com/product/35899-35608/-mate-absolute-10
8F3094005394,Galaxolide 50% in DPG,15 ml,1222-05-5,,,,,,,,,SimpleScentsDIY,https://www.simplescentsdiy.com/product/35898-35607/galaxolide-50
8F3094005427,Phenoxanol,15 ml,55066-48-3,,,,,,,,,SimpleScentsDIY,https://www.simplescentsdiy.com/product/35897-35606/phenoxanol
8F3094005426,Polysantol,15 ml,107898-54-4,,,,,,,,,SimpleScentsDIY,https://www.simplescentsdiy.com/product/35896-35605/polysantol
8F3094005336,Ultravanil 80% In DPG,2 g,2563-07-7,,,,,,,,,SimpleScentsDIY,https://www.simplescentsdiy.com/product/35607-35239/ultravanil
8F3094005335,Violiff,5 ml,87731-18-8,,,,,,,,,SimpleScentsDIY,https://www.simplescentsdiy.com/product/35606-35238/violiff
8F3094005334,Kohinool,5 ml,87118-95-4,,,,,,,,,SimpleScentsDIY,https://www.simplescentsdiy.com/product/35605-35237/kohinool
8F3094005338,Octahydrocoumarin,15 ml,4430-31-3,,,,,,,,,SimpleScentsDIY,https://www.simplescentsdiy.com/product/35604-35236/octahydrocoumarin
8F3094005337,Anethol,15 ml,4180-23-8,,90.00,6.0000,,,,,,SimpleScentsDIY,https://www.simplescentsdiy.com/product/35603-35235/anethol
8F3094005333,Alpha-Pinene,15 ml,80-56-8,,60.00,4.0000,,,,,,SimpleScentsDIY,https://www.simplescentsdiy.com/product/35602-35234/alpha-pinene-
8F3094005321,Ocimene,5 ml,13877-91-3,,,,,,,,,SimpleScentsDIY,https://www.simplescentsdiy.com/product/35497-34997/ocimene
8F3094005322,Nerolidol,15 ml,7212-44-4,,,,,,,,,SimpleScentsDIY,https://www.simplescentsdiy.com/product/35496-34996/nerolidol
8F3094005324,Cis-3-Hexenol,15 ml,928-96-1,,145.00,9.6667,,,,,,SimpleScentsDIY,https://www.simplescentsdiy.com/product/35495-34995/cis-3-hexenol
8F3094005320,Gamma-Heptalactone,15 ml,105-21-5,,,,,,,,,SimpleScentsDIY,https://www.simplescentsdiy.com/product/35448-34948/gamma-heptalactone-15-ml
8F3094005319,Florhydral,5 ml,125109-85-5,,,,,,,,,SimpleScentsDIY,https://www.simplescentsdiy.com/product/35447-34947/florhydral
8F3094005318,Bourgeonal,5 ml,110-41-8,,100.00,20.0000,,,,,,SimpleScentsDIY,https://www.simplescentsdiy.com/product/35446-34946/bourgeonal
8F3094005317,Aldehyde C-12 MNA,15 ml,110-41-8,,75.00,5.0000,,,,,,SimpleScentsDIY,https://www.simplescentsdiy.com/product/35445-34945/aldehyde-c-12-mna-
8F3094005316,DMBC Acetate,15 ml,151-05-3,,,,,,,,,SimpleScentsDIY,https://www.simplescentsdiy.com/product/35444-34944/dmbcacetate
8F3094005430,Miel Blanc Base / Specialty Base for Blend,5 ml,,,100.00,20.0000,,,,,,SimpleScentsDIY,https://www.simplescentsdiy.com/product/36442-36359/mielblanc
8F3094005425,Neroli Base / Specialty Base for Blend,15 ml,,,180.00,12.0000,,,,,,SimpleScentsDIY,https://www.simplescentsdiy.com/product/36000-35709/neroli-base
8F3094005424,Styrax Base / Specialty Base for Blend,15 ml,,,180.00,12.0000,,,,,,SimpleScentsDIY,https://www.simplescentsdiy.com/product/35999-35708/styrax-base
8F3094005423,Lilial Replacer / Specialty Base for Blend,15 ml,,,90.00,6.0000,,,,,,SimpleScentsDIY,https://www.simplescentsdiy.com/product/35998-35707/lilial-replacer
8F3094005422,Lyral Replacer / Specialty Base for Blend,15 ml,,,60.00,4.0000,,,,,,SimpleScentsDIY,https://www.simplescentsdiy.com/product/35997-35706/lyral-replacer
8F3094005339,Apple Oliffac Base / Specialty Base for Blend,15 ml,,,120.00,8.0000,,,,,,SimpleScentsDIY,https://www.simplescentsdiy.com/product/35659-35323/apple-oliffac
8F3094004200,Chocovan 2 gl / Specialty Base for Blend,2 g,,,200.00,100.0000,,,,,,SimpleScentsDIY,https://www.simplescentsdiy.com/product/34932-34403/chocovan
8F3094004162,Prunella 975617 / Specialty Base for Blend,5 ml,,,180.00,36.0000,,,,,,SimpleScentsDIY,https://www.simplescentsdiy.com/product/34772-34243/prunella-975617
8F3094004160,Fruit Sec 184078 / Specialty Base for Blend,5 ml,,,180.00,36.0000,,,,,,SimpleScentsDIY,https://www.simplescentsdiy.com/product/34771-34242/fruit-sec
8F3094004163,Dorinia SA 939680 / Specialty Base for Blend,5 ml,,,180.00,36.0000,,,,,,SimpleScentsDIY,https://www.simplescentsdiy.com/product/34770-34241/dorinia-sa-939680
8F3094001261,Cassis Base 345B / Specialty Base for Blend,15 ml,,,80.00,5.3333,,,,,,SimpleScentsDIY,https://www.simplescentsdiy.com/product/34761-34232/casisbase345b
8F3094001755,Tuberose Base / Specialty Base for Blend,15 ml,,,240.00,16.0000,,,,,,SimpleScentsDIY,https://www.simplescentsdiy.com/product/34760-34231/tuberosebase
8F3094001760,Oud 3 Base / Specialty Base for Blend,5 ml,,,200.00,40.0000,,,,,,SimpleScentsDIY,https://www.simplescentsdiy.com/product/34759-34230/oud3base
8F3094001759,Oud Cambodia / Specialty Base for Blend,15 ml,,,225.00,15.0000,,,,,,SimpleScentsDIY,https://www.simplescentsdiy.com/product/34758-34229/oudcambodia
8F3094001709,Animal Base / Specialty Base for Blend,5 ml,,,100.00,20.0000,,,,,,SimpleScentsDIY,https://www.simplescentsdiy.com/product/34756-34227/animalbase
8F3094001754,Amber 2 Base 10% DPG / Specialty Base for Blend,15 ml,,,60.00,4.0000,,,,,,SimpleScentsDIY,https://www.simplescentsdiy.com/product/34755-34226/amber2base-
8F3094001793,Galbex 183 / Specialty Base for Blend,5 ml,,,140.00,28.0000,,,,,,SimpleScentsDIY,https://www.simplescentsdiy.com/product/33423-32698/galbex183
8B3094001036,Deb Fix เบสแอลกอฮอล์พร้อมใช้ ทำน้ำหอมฉีดตัว,,,,35.00,,,,,,,SimpleScentsDIY,https://www.simplescentsdiy.com/product/37145/debfix
8B3094001010,Room Spray Base / เบสน้ำหอมฉีดห้อง ฉีดหมอน,,,,100.00,,,,,,,SimpleScentsDIY,https://www.simplescentsdiy.com/product/36462/roomspray
8T2309400584,ไซริงค์พลาสติก. ( ไม่รวมเข็ม ) /กระบอกฉีดยา / Syringe,10 ml,,,10.00,1.0000,,,,,,SimpleScentsDIY,https://www.simplescentsdiy.com/product/33828/syringe
8B23094000611,"เบสน้ำหอมปรับอากาศ​ / Base Reed Diffuser 3 สูตร เฉพาะของทางร้าน   1,",250 ml,,,150.00,0.6000,,,,,,SimpleScentsDIY,https://www.simplescentsdiy.com/product/30148/เบสน้ำหอมปรับอากาศ-base-reed-diffuser-3-สูตร-เฉพาะของทางร้าน-250-ml-amp-1000-ml
8B3094000975,DEB 99 แอลกอฮอล์ 99% / Ethyl Alcohol 99% / เอทิล แอลกอฮอล์ 99%,100 ml,,,30.00,0.3000,,,,,,SimpleScentsDIY,https://www.simplescentsdiy.com/product/29863/deb-99-แอลกอฮอล์-99-100-ml-ethyl-alcohol-99-เอทิล-แอลกอฮอล์-99-
8B23094000253,กลีเซอรีน​ Glycerin สารช่วยเพิ่มความชุ่มชื้น,,,,25.00,,,,,,,SimpleScentsDIY,https://www.simplescentsdiy.com/product/23305/กลีเซอรีน-glycerin-สารช่วยเพิ่มความชุ่มชื้น
8B23094000259-1,Dowanol DPM  เป็นตัวทำละลาย Solvent Base,,,,225.00,,,,,,,SimpleScentsDIY,https://www.simplescentsdiy.com/product/23304/dowanol-dpm-เป็นตัวทำละลาย-solvent-base
8B23094000582,"Deb Mix.แอลกอฮอล์​สำเร็จรูป​ ใช้ผสมกับหัวน้ำหอม 1,",000 ml,,,35.00,,,,,,,SimpleScentsDIY,https://www.simplescentsdiy.com/product/23303/deb-mixแอลกอฮอล์สำเร็จรูป-ใช้ผสมกับหัวน้ำหอม-1000-ml
